date,predicted_mean
2006-08-15,1.023780662821139
2006-08-16,1.0239760539078477
2006-08-17,1.0236326887985032
2006-08-18,1.0237434627913864
2006-08-19,1.0239057386769173
2006-08-20,1.0237099132489662
2006-08-21,1.0237371764540921
2006-08-22,1.0238557454079367
2006-08-23,1.02375057699147
2006-08-24,1.023743026114946
2006-08-25,1.0238227837844194
2006-08-26,1.023770327850276
2006-08-27,1.0237519980616037
2006-08-28,1.023802331851199
2006-08-29,1.0237788091822317
2006-08-30,1.0237602991823718
2006-08-31,1.0237903262972345
2006-09-01,1.0237816444129206
2006-09-02,1.023766725097087
2006-09-03,1.0237836676205483
2006-09-04,1.0237819300545505
2006-09-05,1.0237712215422943
2006-09-06,1.0237802078916887
2006-09-07,1.0237812607494985
2006-09-08,1.0237741503046973
2006-09-09,1.0237785585842059
2006-09-10,1.0237803870234141
2006-09-11,1.0237759483772786
2006-09-12,1.0237778729286446
2006-09-13,1.0237796137416113
2006-09-14,1.0237769929880778
2006-09-15,1.0237776622549284
2006-09-16,1.0237790285188473
2006-09-17,1.0237775658306922
2006-09-18,1.0237776605705387
2006-09-19,1.0237786251072138
2006-09-20,1.0237778593181315
2006-09-21,1.0237777328731439
2006-09-22,1.0237783654120676
2006-09-23,1.0237779964124172
2006-09-24,1.0237778169773202
2006-09-25,1.0237782076355122
2006-09-26,1.0237780513239971
2006-09-27,1.0237778886371163
2006-09-28,1.0237781169261395
2006-09-29,1.0237780664312832
2006-09-30,1.023777941764227
2006-10-01,1.023778067760978
2006-10-02,1.023778064527832
2006-10-03,1.0237779778716147
2006-10-04,1.023778042943373
2006-10-05,1.023778057005032
2006-10-06,1.023778000852486
2006-10-07,1.0237780316060463
2006-10-08,1.023778048986927
2006-10-09,1.023778014670332
2006-10-10,1.0237780272577828
2006-10-11,1.023778042377174
2006-10-12,1.023778022530954
2006-10-13,1.02377802623111
2006-10-14,1.0237780375686498
2006-10-15,1.023778026740238
2006-10-16,1.023778026577754
2006-10-17,1.0237780343442215
2006-10-18,1.0237780288316884
2006-10-19,1.0237780273399648
2006-10-20,1.0237780323146375
2006-10-21,1.0237780297638588
2006-10-22,1.0237780280981612
2006-10-23,1.0237780311068296
2006-10-24,1.0237780301034352
2006-10-25,1.0237780287052614
2006-10-26,1.0237780304270843
2006-10-27,1.0237780301671247
2006-10-28,1.0237780291392584
2006-10-29,1.0237780300676382
2006-10-30,1.023778030121009
2006-10-31,1.0237780294265697
2006-11-01,1.0237780298920367
2006-11-02,1.023778030045299
2006-11-03,1.0237780296054644
2006-11-04,1.023778029815895
2006-11-05,1.0237780299741053
2006-11-06,1.0237780297108323
2006-11-07,1.0237780297898373
2006-11-08,1.0237780299185582
2006-11-09,1.0237780297694858
2006-11-10,1.0237780297865753
2006-11-11,1.0237780298794914
2006-11-12,1.0237780298000965
2006-11-13,1.0237780297919912
2006-11-14,1.0237780298539452
2006-11-15,1.0237780298147807
2006-11-16,1.0237780297993961
2006-11-17,1.0237780298382073
2006-11-18,1.0237780298209531
2006-11-19,1.0237780298060402
2006-11-20,1.023778029829033
2006-11-21,1.023778029822907
2006-11-22,1.0237780298111046
2006-11-23,1.0237780298239834
2006-11-24,1.0237780298229886
2006-11-25,1.0237780298146122
2006-11-26,1.023778029821384
2006-11-27,1.0237780298223942
2006-11-28,1.023778029816879
2006-11-29,1.0237780298201618
2006-11-30,1.023778029821679
2006-12-01,1.0237780298182608
2006-12-02,1.0237780298196657
2006-12-03,1.0237780298210621
2006-12-04,1.023778029819058
2006-12-05,1.0237780298195238
2006-12-06,1.023778029820602
2006-12-07,1.0237780298194918
2006-12-08,1.0237780298195347
2006-12-09,1.0237780298202879
2006-12-10,1.0237780298197119
2006-12-11,1.0237780298195973
2006-12-12,1.0237780298200871
2006-12-13,1.0237780298198131
2006-12-14,1.0237780298196657
2006-12-15,1.0237780298199661
2006-12-16,1.0237780298198527
2006-12-17,1.0237780298197228
2006-12-18,1.023778029819897
2006-12-19,1.0237780298198627
2006-12-20,1.0237780298197645
2006-12-21,1.02377802981986
2006-12-22,1.0237780298198602
2006-12-23,1.0237780298197927
2006-12-24,1.0237780298198416
2006-12-25,1.023778029819854
2006-12-26,1.0237780298198105
2006-12-27,1.0237780298198333
2006-12-28,1.0237780298198476
2006-12-29,1.0237780298198211
2006-12-30,1.0237780298198302
2006-12-31,1.0237780298198422
2007-01-01,1.0237780298198271
2007-01-02,1.0237780298198296
2007-01-03,1.0237780298198385
2007-01-04,1.0237780298198302
2007-01-05,1.0237780298198298
2007-01-06,1.0237780298198358
2007-01-07,1.0237780298198316
2007-01-08,1.0237780298198302
2007-01-09,1.023778029819834
2007-01-10,1.0237780298198322
2007-01-11,1.023778029819831
2007-01-12,1.0237780298198331
2007-01-13,1.0237780298198325
2007-01-14,1.0237780298198313
2007-01-15,1.0237780298198327
2007-01-16,1.0237780298198325
2007-01-17,1.0237780298198316
2007-01-18,1.0237780298198322
2007-01-19,1.0237780298198322
2007-01-20,1.0237780298198318
2007-01-21,1.0237780298198322
2007-01-22,1.0237780298198325
2007-01-23,1.023778029819832
2007-01-24,1.0237780298198322
2007-01-25,1.0237780298198325
2007-01-26,1.0237780298198322
2007-01-27,1.0237780298198322
2007-01-28,1.0237780298198322
2007-01-29,1.023778029819832
2007-01-30,1.023778029819832
2007-01-31,1.023778029819832
2007-02-01,1.023778029819832
2007-02-02,1.023778029819832
2007-02-03,1.023778029819832
2007-02-04,1.023778029819832
2007-02-05,1.023778029819832
2007-02-06,1.023778029819832
2007-02-07,1.023778029819832
2007-02-08,1.023778029819832
2007-02-09,1.023778029819832
2007-02-10,1.023778029819832
2007-02-11,1.023778029819832
2007-02-12,1.023778029819832
2007-02-13,1.023778029819832
2007-02-14,1.023778029819832
2007-02-15,1.023778029819832
2007-02-16,1.023778029819832
2007-02-17,1.023778029819832
2007-02-18,1.023778029819832
2007-02-19,1.023778029819832
2007-02-20,1.023778029819832
2007-02-21,1.023778029819832
2007-02-22,1.023778029819832
2007-02-23,1.023778029819832
2007-02-24,1.023778029819832
2007-02-25,1.023778029819832
2007-02-26,1.023778029819832
2007-02-27,1.023778029819832
2007-02-28,1.023778029819832
2007-03-01,1.023778029819832
2007-03-02,1.023778029819832
2007-03-03,1.023778029819832
2007-03-04,1.023778029819832
2007-03-05,1.023778029819832
2007-03-06,1.023778029819832
2007-03-07,1.023778029819832
2007-03-08,1.023778029819832
2007-03-09,1.023778029819832
2007-03-10,1.023778029819832
2007-03-11,1.023778029819832
2007-03-12,1.023778029819832
2007-03-13,1.023778029819832
2007-03-14,1.023778029819832
2007-03-15,1.023778029819832
2007-03-16,1.023778029819832
2007-03-17,1.023778029819832
2007-03-18,1.023778029819832
2007-03-19,1.023778029819832
2007-03-20,1.023778029819832
2007-03-21,1.023778029819832
2007-03-22,1.023778029819832
2007-03-23,1.023778029819832
2007-03-24,1.023778029819832
2007-03-25,1.023778029819832
2007-03-26,1.023778029819832
2007-03-27,1.023778029819832
2007-03-28,1.023778029819832
2007-03-29,1.023778029819832
2007-03-30,1.023778029819832
2007-03-31,1.023778029819832
2007-04-01,1.023778029819832
2007-04-02,1.023778029819832
2007-04-03,1.023778029819832
2007-04-04,1.023778029819832
2007-04-05,1.023778029819832
2007-04-06,1.023778029819832
2007-04-07,1.023778029819832
2007-04-08,1.023778029819832
2007-04-09,1.023778029819832
2007-04-10,1.023778029819832
2007-04-11,1.023778029819832
2007-04-12,1.023778029819832
2007-04-13,1.023778029819832
2007-04-14,1.023778029819832
2007-04-15,1.023778029819832
2007-04-16,1.023778029819832
2007-04-17,1.023778029819832
2007-04-18,1.023778029819832
2007-04-19,1.023778029819832
2007-04-20,1.023778029819832
2007-04-21,1.023778029819832
2007-04-22,1.023778029819832
2007-04-23,1.023778029819832
2007-04-24,1.023778029819832
2007-04-25,1.023778029819832
2007-04-26,1.023778029819832
2007-04-27,1.023778029819832
2007-04-28,1.023778029819832
2007-04-29,1.023778029819832
2007-04-30,1.023778029819832
2007-05-01,1.023778029819832
2007-05-02,1.023778029819832
2007-05-03,1.023778029819832
2007-05-04,1.023778029819832
2007-05-05,1.023778029819832
2007-05-06,1.023778029819832
2007-05-07,1.023778029819832
2007-05-08,1.023778029819832
2007-05-09,1.023778029819832
2007-05-10,1.023778029819832
2007-05-11,1.023778029819832
2007-05-12,1.023778029819832
2007-05-13,1.023778029819832
2007-05-14,1.023778029819832
2007-05-15,1.023778029819832
2007-05-16,1.023778029819832
2007-05-17,1.023778029819832
2007-05-18,1.023778029819832
2007-05-19,1.023778029819832
2007-05-20,1.023778029819832
2007-05-21,1.023778029819832
2007-05-22,1.023778029819832
2007-05-23,1.023778029819832
2007-05-24,1.023778029819832
2007-05-25,1.023778029819832
2007-05-26,1.023778029819832
2007-05-27,1.023778029819832
2007-05-28,1.023778029819832
2007-05-29,1.023778029819832
2007-05-30,1.023778029819832
2007-05-31,1.023778029819832
2007-06-01,1.023778029819832
2007-06-02,1.023778029819832
2007-06-03,1.023778029819832
2007-06-04,1.023778029819832
2007-06-05,1.023778029819832
2007-06-06,1.023778029819832
2007-06-07,1.023778029819832
2007-06-08,1.023778029819832
2007-06-09,1.023778029819832
2007-06-10,1.023778029819832
2007-06-11,1.023778029819832
2007-06-12,1.023778029819832
2007-06-13,1.023778029819832
2007-06-14,1.023778029819832
2007-06-15,1.023778029819832
2007-06-16,1.023778029819832
2007-06-17,1.023778029819832
2007-06-18,1.023778029819832
2007-06-19,1.023778029819832
2007-06-20,1.023778029819832
2007-06-21,1.023778029819832
2007-06-22,1.023778029819832
2007-06-23,1.023778029819832
2007-06-24,1.023778029819832
2007-06-25,1.023778029819832
2007-06-26,1.023778029819832
2007-06-27,1.023778029819832
2007-06-28,1.023778029819832
2007-06-29,1.023778029819832
2007-06-30,1.023778029819832
2007-07-01,1.023778029819832
2007-07-02,1.023778029819832
2007-07-03,1.023778029819832
2007-07-04,1.023778029819832
2007-07-05,1.023778029819832
2007-07-06,1.023778029819832
2007-07-07,1.023778029819832
2007-07-08,1.023778029819832
2007-07-09,1.023778029819832
2007-07-10,1.023778029819832
2007-07-11,1.023778029819832
2007-07-12,1.023778029819832
2007-07-13,1.023778029819832
2007-07-14,1.023778029819832
2007-07-15,1.023778029819832
2007-07-16,1.023778029819832
2007-07-17,1.023778029819832
2007-07-18,1.023778029819832
2007-07-19,1.023778029819832
2007-07-20,1.023778029819832
2007-07-21,1.023778029819832
2007-07-22,1.023778029819832
2007-07-23,1.023778029819832
2007-07-24,1.023778029819832
2007-07-25,1.023778029819832
2007-07-26,1.023778029819832
2007-07-27,1.023778029819832
2007-07-28,1.023778029819832
2007-07-29,1.023778029819832
2007-07-30,1.023778029819832
2007-07-31,1.023778029819832
2007-08-01,1.023778029819832
2007-08-02,1.023778029819832
2007-08-03,1.023778029819832
2007-08-04,1.023778029819832
2007-08-05,1.023778029819832
2007-08-06,1.023778029819832
2007-08-07,1.023778029819832
2007-08-08,1.023778029819832
2007-08-09,1.023778029819832
2007-08-10,1.023778029819832
2007-08-11,1.023778029819832
2007-08-12,1.023778029819832
2007-08-13,1.023778029819832
2007-08-14,1.023778029819832
2007-08-15,1.023778029819832
2007-08-16,1.023778029819832
2007-08-17,1.023778029819832
2007-08-18,1.023778029819832
2007-08-19,1.023778029819832
2007-08-20,1.023778029819832
2007-08-21,1.023778029819832
2007-08-22,1.023778029819832
2007-08-23,1.023778029819832
2007-08-24,1.023778029819832
2007-08-25,1.023778029819832
2007-08-26,1.023778029819832
2007-08-27,1.023778029819832
2007-08-28,1.023778029819832
2007-08-29,1.023778029819832
2007-08-30,1.023778029819832
2007-08-31,1.023778029819832
2007-09-01,1.023778029819832
2007-09-02,1.023778029819832
2007-09-03,1.023778029819832
2007-09-04,1.023778029819832
2007-09-05,1.023778029819832
2007-09-06,1.023778029819832
2007-09-07,1.023778029819832
2007-09-08,1.023778029819832
2007-09-09,1.023778029819832
2007-09-10,1.023778029819832
2007-09-11,1.023778029819832
2007-09-12,1.023778029819832
2007-09-13,1.023778029819832
2007-09-14,1.023778029819832
2007-09-15,1.023778029819832
2007-09-16,1.023778029819832
2007-09-17,1.023778029819832
2007-09-18,1.023778029819832
2007-09-19,1.023778029819832
2007-09-20,1.023778029819832
2007-09-21,1.023778029819832
2007-09-22,1.023778029819832
2007-09-23,1.023778029819832
2007-09-24,1.023778029819832
2007-09-25,1.023778029819832
2007-09-26,1.023778029819832
2007-09-27,1.023778029819832
2007-09-28,1.023778029819832
2007-09-29,1.023778029819832
2007-09-30,1.023778029819832
2007-10-01,1.023778029819832
2007-10-02,1.023778029819832
2007-10-03,1.023778029819832
2007-10-04,1.023778029819832
2007-10-05,1.023778029819832
2007-10-06,1.023778029819832
2007-10-07,1.023778029819832
2007-10-08,1.023778029819832
2007-10-09,1.023778029819832
2007-10-10,1.023778029819832
2007-10-11,1.023778029819832
2007-10-12,1.023778029819832
2007-10-13,1.023778029819832
2007-10-14,1.023778029819832
2007-10-15,1.023778029819832
2007-10-16,1.023778029819832
2007-10-17,1.023778029819832
2007-10-18,1.023778029819832
2007-10-19,1.023778029819832
2007-10-20,1.023778029819832
2007-10-21,1.023778029819832
2007-10-22,1.023778029819832
2007-10-23,1.023778029819832
2007-10-24,1.023778029819832
2007-10-25,1.023778029819832
2007-10-26,1.023778029819832
2007-10-27,1.023778029819832
2007-10-28,1.023778029819832
2007-10-29,1.023778029819832
2007-10-30,1.023778029819832
2007-10-31,1.023778029819832
2007-11-01,1.023778029819832
2007-11-02,1.023778029819832
2007-11-03,1.023778029819832
2007-11-04,1.023778029819832
2007-11-05,1.023778029819832
2007-11-06,1.023778029819832
2007-11-07,1.023778029819832
2007-11-08,1.023778029819832
2007-11-09,1.023778029819832
2007-11-10,1.023778029819832
2007-11-11,1.023778029819832
2007-11-12,1.023778029819832
2007-11-13,1.023778029819832
2007-11-14,1.023778029819832
2007-11-15,1.023778029819832
2007-11-16,1.023778029819832
2007-11-17,1.023778029819832
2007-11-18,1.023778029819832
2007-11-19,1.023778029819832
2007-11-20,1.023778029819832
2007-11-21,1.023778029819832
2007-11-22,1.023778029819832
2007-11-23,1.023778029819832
2007-11-24,1.023778029819832
2007-11-25,1.023778029819832
2007-11-26,1.023778029819832
2007-11-27,1.023778029819832
2007-11-28,1.023778029819832
2007-11-29,1.023778029819832
2007-11-30,1.023778029819832
2007-12-01,1.023778029819832
2007-12-02,1.023778029819832
2007-12-03,1.023778029819832
2007-12-04,1.023778029819832
2007-12-05,1.023778029819832
2007-12-06,1.023778029819832
2007-12-07,1.023778029819832
2007-12-08,1.023778029819832
2007-12-09,1.023778029819832
2007-12-10,1.023778029819832
2007-12-11,1.023778029819832
2007-12-12,1.023778029819832
2007-12-13,1.023778029819832
2007-12-14,1.023778029819832
2007-12-15,1.023778029819832
2007-12-16,1.023778029819832
2007-12-17,1.023778029819832
2007-12-18,1.023778029819832
2007-12-19,1.023778029819832
2007-12-20,1.023778029819832
2007-12-21,1.023778029819832
2007-12-22,1.023778029819832
2007-12-23,1.023778029819832
2007-12-24,1.023778029819832
2007-12-25,1.023778029819832
2007-12-26,1.023778029819832
2007-12-27,1.023778029819832
2007-12-28,1.023778029819832
2007-12-29,1.023778029819832
2007-12-30,1.023778029819832
2007-12-31,1.023778029819832
2008-01-01,1.023778029819832
2008-01-02,1.023778029819832
2008-01-03,1.023778029819832
2008-01-04,1.023778029819832
2008-01-05,1.023778029819832
2008-01-06,1.023778029819832
2008-01-07,1.023778029819832
2008-01-08,1.023778029819832
2008-01-09,1.023778029819832
2008-01-10,1.023778029819832
2008-01-11,1.023778029819832
2008-01-12,1.023778029819832
2008-01-13,1.023778029819832
2008-01-14,1.023778029819832
2008-01-15,1.023778029819832
2008-01-16,1.023778029819832
2008-01-17,1.023778029819832
2008-01-18,1.023778029819832
2008-01-19,1.023778029819832
2008-01-20,1.023778029819832
2008-01-21,1.023778029819832
2008-01-22,1.023778029819832
2008-01-23,1.023778029819832
2008-01-24,1.023778029819832
2008-01-25,1.023778029819832
2008-01-26,1.023778029819832
2008-01-27,1.023778029819832
2008-01-28,1.023778029819832
2008-01-29,1.023778029819832
2008-01-30,1.023778029819832
2008-01-31,1.023778029819832
2008-02-01,1.023778029819832
2008-02-02,1.023778029819832
2008-02-03,1.023778029819832
2008-02-04,1.023778029819832
2008-02-05,1.023778029819832
2008-02-06,1.023778029819832
2008-02-07,1.023778029819832
2008-02-08,1.023778029819832
2008-02-09,1.023778029819832
2008-02-10,1.023778029819832
2008-02-11,1.023778029819832
2008-02-12,1.023778029819832
2008-02-13,1.023778029819832
2008-02-14,1.023778029819832
2008-02-15,1.023778029819832
2008-02-16,1.023778029819832
2008-02-17,1.023778029819832
2008-02-18,1.023778029819832
2008-02-19,1.023778029819832
2008-02-20,1.023778029819832
2008-02-21,1.023778029819832
2008-02-22,1.023778029819832
2008-02-23,1.023778029819832
2008-02-24,1.023778029819832
2008-02-25,1.023778029819832
2008-02-26,1.023778029819832
2008-02-27,1.023778029819832
2008-02-28,1.023778029819832
2008-02-29,1.023778029819832
2008-03-01,1.023778029819832
2008-03-02,1.023778029819832
2008-03-03,1.023778029819832
2008-03-04,1.023778029819832
2008-03-05,1.023778029819832
2008-03-06,1.023778029819832
2008-03-07,1.023778029819832
2008-03-08,1.023778029819832
2008-03-09,1.023778029819832
2008-03-10,1.023778029819832
2008-03-11,1.023778029819832
2008-03-12,1.023778029819832
2008-03-13,1.023778029819832
2008-03-14,1.023778029819832
2008-03-15,1.023778029819832
2008-03-16,1.023778029819832
2008-03-17,1.023778029819832
2008-03-18,1.023778029819832
2008-03-19,1.023778029819832
2008-03-20,1.023778029819832
2008-03-21,1.023778029819832
2008-03-22,1.023778029819832
2008-03-23,1.023778029819832
2008-03-24,1.023778029819832
2008-03-25,1.023778029819832
2008-03-26,1.023778029819832
2008-03-27,1.023778029819832
2008-03-28,1.023778029819832
2008-03-29,1.023778029819832
2008-03-30,1.023778029819832
2008-03-31,1.023778029819832
2008-04-01,1.023778029819832
2008-04-02,1.023778029819832
2008-04-03,1.023778029819832
2008-04-04,1.023778029819832
2008-04-05,1.023778029819832
2008-04-06,1.023778029819832
2008-04-07,1.023778029819832
2008-04-08,1.023778029819832
2008-04-09,1.023778029819832
2008-04-10,1.023778029819832
2008-04-11,1.023778029819832
2008-04-12,1.023778029819832
2008-04-13,1.023778029819832
2008-04-14,1.023778029819832
2008-04-15,1.023778029819832
2008-04-16,1.023778029819832
2008-04-17,1.023778029819832
2008-04-18,1.023778029819832
2008-04-19,1.023778029819832
2008-04-20,1.023778029819832
2008-04-21,1.023778029819832
2008-04-22,1.023778029819832
2008-04-23,1.023778029819832
2008-04-24,1.023778029819832
2008-04-25,1.023778029819832
2008-04-26,1.023778029819832
2008-04-27,1.023778029819832
2008-04-28,1.023778029819832
2008-04-29,1.023778029819832
2008-04-30,1.023778029819832
2008-05-01,1.023778029819832
2008-05-02,1.023778029819832
2008-05-03,1.023778029819832
2008-05-04,1.023778029819832
2008-05-05,1.023778029819832
2008-05-06,1.023778029819832
2008-05-07,1.023778029819832
2008-05-08,1.023778029819832
2008-05-09,1.023778029819832
2008-05-10,1.023778029819832
2008-05-11,1.023778029819832
2008-05-12,1.023778029819832
2008-05-13,1.023778029819832
2008-05-14,1.023778029819832
2008-05-15,1.023778029819832
2008-05-16,1.023778029819832
2008-05-17,1.023778029819832
2008-05-18,1.023778029819832
2008-05-19,1.023778029819832
2008-05-20,1.023778029819832
2008-05-21,1.023778029819832
2008-05-22,1.023778029819832
2008-05-23,1.023778029819832
2008-05-24,1.023778029819832
2008-05-25,1.023778029819832
2008-05-26,1.023778029819832
2008-05-27,1.023778029819832
2008-05-28,1.023778029819832
2008-05-29,1.023778029819832
2008-05-30,1.023778029819832
2008-05-31,1.023778029819832
2008-06-01,1.023778029819832
2008-06-02,1.023778029819832
2008-06-03,1.023778029819832
2008-06-04,1.023778029819832
2008-06-05,1.023778029819832
2008-06-06,1.023778029819832
2008-06-07,1.023778029819832
2008-06-08,1.023778029819832
2008-06-09,1.023778029819832
2008-06-10,1.023778029819832
2008-06-11,1.023778029819832
2008-06-12,1.023778029819832
2008-06-13,1.023778029819832
2008-06-14,1.023778029819832
2008-06-15,1.023778029819832
2008-06-16,1.023778029819832
2008-06-17,1.023778029819832
2008-06-18,1.023778029819832
2008-06-19,1.023778029819832
2008-06-20,1.023778029819832
2008-06-21,1.023778029819832
2008-06-22,1.023778029819832
2008-06-23,1.023778029819832
2008-06-24,1.023778029819832
2008-06-25,1.023778029819832
2008-06-26,1.023778029819832
2008-06-27,1.023778029819832
2008-06-28,1.023778029819832
2008-06-29,1.023778029819832
2008-06-30,1.023778029819832
2008-07-01,1.023778029819832
2008-07-02,1.023778029819832
2008-07-03,1.023778029819832
2008-07-04,1.023778029819832
2008-07-05,1.023778029819832
2008-07-06,1.023778029819832
2008-07-07,1.023778029819832
2008-07-08,1.023778029819832
2008-07-09,1.023778029819832
2008-07-10,1.023778029819832
2008-07-11,1.023778029819832
2008-07-12,1.023778029819832
2008-07-13,1.023778029819832
2008-07-14,1.023778029819832
2008-07-15,1.023778029819832
2008-07-16,1.023778029819832
2008-07-17,1.023778029819832
2008-07-18,1.023778029819832
2008-07-19,1.023778029819832
2008-07-20,1.023778029819832
2008-07-21,1.023778029819832
2008-07-22,1.023778029819832
2008-07-23,1.023778029819832
2008-07-24,1.023778029819832
2008-07-25,1.023778029819832
2008-07-26,1.023778029819832
2008-07-27,1.023778029819832
2008-07-28,1.023778029819832
2008-07-29,1.023778029819832
2008-07-30,1.023778029819832
2008-07-31,1.023778029819832
2008-08-01,1.023778029819832
2008-08-02,1.023778029819832
2008-08-03,1.023778029819832
2008-08-04,1.023778029819832
2008-08-05,1.023778029819832
2008-08-06,1.023778029819832
2008-08-07,1.023778029819832
2008-08-08,1.023778029819832
2008-08-09,1.023778029819832
2008-08-10,1.023778029819832
2008-08-11,1.023778029819832
2008-08-12,1.023778029819832
2008-08-13,1.023778029819832
2008-08-14,1.023778029819832
2008-08-15,1.023778029819832
2008-08-16,1.023778029819832
2008-08-17,1.023778029819832
2008-08-18,1.023778029819832
2008-08-19,1.023778029819832
2008-08-20,1.023778029819832
2008-08-21,1.023778029819832
2008-08-22,1.023778029819832
2008-08-23,1.023778029819832
2008-08-24,1.023778029819832
2008-08-25,1.023778029819832
2008-08-26,1.023778029819832
2008-08-27,1.023778029819832
2008-08-28,1.023778029819832
2008-08-29,1.023778029819832
2008-08-30,1.023778029819832
2008-08-31,1.023778029819832
2008-09-01,1.023778029819832
2008-09-02,1.023778029819832
2008-09-03,1.023778029819832
2008-09-04,1.023778029819832
2008-09-05,1.023778029819832
2008-09-06,1.023778029819832
2008-09-07,1.023778029819832
2008-09-08,1.023778029819832
2008-09-09,1.023778029819832
2008-09-10,1.023778029819832
2008-09-11,1.023778029819832
2008-09-12,1.023778029819832
2008-09-13,1.023778029819832
2008-09-14,1.023778029819832
2008-09-15,1.023778029819832
2008-09-16,1.023778029819832
2008-09-17,1.023778029819832
2008-09-18,1.023778029819832
2008-09-19,1.023778029819832
2008-09-20,1.023778029819832
2008-09-21,1.023778029819832
2008-09-22,1.023778029819832
2008-09-23,1.023778029819832
2008-09-24,1.023778029819832
2008-09-25,1.023778029819832
2008-09-26,1.023778029819832
2008-09-27,1.023778029819832
2008-09-28,1.023778029819832
2008-09-29,1.023778029819832
2008-09-30,1.023778029819832
2008-10-01,1.023778029819832
2008-10-02,1.023778029819832
2008-10-03,1.023778029819832
2008-10-04,1.023778029819832
2008-10-05,1.023778029819832
2008-10-06,1.023778029819832
2008-10-07,1.023778029819832
2008-10-08,1.023778029819832
2008-10-09,1.023778029819832
2008-10-10,1.023778029819832
2008-10-11,1.023778029819832
2008-10-12,1.023778029819832
2008-10-13,1.023778029819832
2008-10-14,1.023778029819832
2008-10-15,1.023778029819832
2008-10-16,1.023778029819832
2008-10-17,1.023778029819832
2008-10-18,1.023778029819832
2008-10-19,1.023778029819832
2008-10-20,1.023778029819832
2008-10-21,1.023778029819832
2008-10-22,1.023778029819832
2008-10-23,1.023778029819832
2008-10-24,1.023778029819832
2008-10-25,1.023778029819832
2008-10-26,1.023778029819832
2008-10-27,1.023778029819832
2008-10-28,1.023778029819832
2008-10-29,1.023778029819832
2008-10-30,1.023778029819832
2008-10-31,1.023778029819832
2008-11-01,1.023778029819832
2008-11-02,1.023778029819832
2008-11-03,1.023778029819832
2008-11-04,1.023778029819832
2008-11-05,1.023778029819832
2008-11-06,1.023778029819832
2008-11-07,1.023778029819832
2008-11-08,1.023778029819832
2008-11-09,1.023778029819832
2008-11-10,1.023778029819832
2008-11-11,1.023778029819832
2008-11-12,1.023778029819832
2008-11-13,1.023778029819832
2008-11-14,1.023778029819832
2008-11-15,1.023778029819832
2008-11-16,1.023778029819832
2008-11-17,1.023778029819832
2008-11-18,1.023778029819832
2008-11-19,1.023778029819832
2008-11-20,1.023778029819832
2008-11-21,1.023778029819832
2008-11-22,1.023778029819832
2008-11-23,1.023778029819832
2008-11-24,1.023778029819832
2008-11-25,1.023778029819832
2008-11-26,1.023778029819832
2008-11-27,1.023778029819832
2008-11-28,1.023778029819832
2008-11-29,1.023778029819832
2008-11-30,1.023778029819832
2008-12-01,1.023778029819832
2008-12-02,1.023778029819832
2008-12-03,1.023778029819832
2008-12-04,1.023778029819832
2008-12-05,1.023778029819832
2008-12-06,1.023778029819832
2008-12-07,1.023778029819832
2008-12-08,1.023778029819832
2008-12-09,1.023778029819832
2008-12-10,1.023778029819832
2008-12-11,1.023778029819832
2008-12-12,1.023778029819832
2008-12-13,1.023778029819832
2008-12-14,1.023778029819832
2008-12-15,1.023778029819832
2008-12-16,1.023778029819832
2008-12-17,1.023778029819832
2008-12-18,1.023778029819832
2008-12-19,1.023778029819832
2008-12-20,1.023778029819832
2008-12-21,1.023778029819832
2008-12-22,1.023778029819832
2008-12-23,1.023778029819832
2008-12-24,1.023778029819832
2008-12-25,1.023778029819832
2008-12-26,1.023778029819832
2008-12-27,1.023778029819832
2008-12-28,1.023778029819832
2008-12-29,1.023778029819832
2008-12-30,1.023778029819832
2008-12-31,1.023778029819832
2009-01-01,1.023778029819832
2009-01-02,1.023778029819832
2009-01-03,1.023778029819832
2009-01-04,1.023778029819832
2009-01-05,1.023778029819832
2009-01-06,1.023778029819832
2009-01-07,1.023778029819832
2009-01-08,1.023778029819832
2009-01-09,1.023778029819832
2009-01-10,1.023778029819832
2009-01-11,1.023778029819832
2009-01-12,1.023778029819832
2009-01-13,1.023778029819832
2009-01-14,1.023778029819832
2009-01-15,1.023778029819832
2009-01-16,1.023778029819832
2009-01-17,1.023778029819832
2009-01-18,1.023778029819832
2009-01-19,1.023778029819832
2009-01-20,1.023778029819832
2009-01-21,1.023778029819832
2009-01-22,1.023778029819832
2009-01-23,1.023778029819832
2009-01-24,1.023778029819832
2009-01-25,1.023778029819832
2009-01-26,1.023778029819832
2009-01-27,1.023778029819832
2009-01-28,1.023778029819832
2009-01-29,1.023778029819832
2009-01-30,1.023778029819832
2009-01-31,1.023778029819832
2009-02-01,1.023778029819832
2009-02-02,1.023778029819832
2009-02-03,1.023778029819832
2009-02-04,1.023778029819832
2009-02-05,1.023778029819832
2009-02-06,1.023778029819832
2009-02-07,1.023778029819832
2009-02-08,1.023778029819832
2009-02-09,1.023778029819832
2009-02-10,1.023778029819832
2009-02-11,1.023778029819832
2009-02-12,1.023778029819832
2009-02-13,1.023778029819832
2009-02-14,1.023778029819832
2009-02-15,1.023778029819832
2009-02-16,1.023778029819832
2009-02-17,1.023778029819832
2009-02-18,1.023778029819832
2009-02-19,1.023778029819832
2009-02-20,1.023778029819832
2009-02-21,1.023778029819832
2009-02-22,1.023778029819832
2009-02-23,1.023778029819832
2009-02-24,1.023778029819832
2009-02-25,1.023778029819832
2009-02-26,1.023778029819832
2009-02-27,1.023778029819832
2009-02-28,1.023778029819832
2009-03-01,1.023778029819832
2009-03-02,1.023778029819832
2009-03-03,1.023778029819832
2009-03-04,1.023778029819832
2009-03-05,1.023778029819832
2009-03-06,1.023778029819832
2009-03-07,1.023778029819832
2009-03-08,1.023778029819832
2009-03-09,1.023778029819832
2009-03-10,1.023778029819832
2009-03-11,1.023778029819832
2009-03-12,1.023778029819832
2009-03-13,1.023778029819832
2009-03-14,1.023778029819832
2009-03-15,1.023778029819832
2009-03-16,1.023778029819832
2009-03-17,1.023778029819832
2009-03-18,1.023778029819832
2009-03-19,1.023778029819832
2009-03-20,1.023778029819832
2009-03-21,1.023778029819832
2009-03-22,1.023778029819832
2009-03-23,1.023778029819832
2009-03-24,1.023778029819832
2009-03-25,1.023778029819832
2009-03-26,1.023778029819832
2009-03-27,1.023778029819832
2009-03-28,1.023778029819832
2009-03-29,1.023778029819832
2009-03-30,1.023778029819832
2009-03-31,1.023778029819832
2009-04-01,1.023778029819832
2009-04-02,1.023778029819832
2009-04-03,1.023778029819832
2009-04-04,1.023778029819832
2009-04-05,1.023778029819832
2009-04-06,1.023778029819832
2009-04-07,1.023778029819832
2009-04-08,1.023778029819832
2009-04-09,1.023778029819832
2009-04-10,1.023778029819832
2009-04-11,1.023778029819832
2009-04-12,1.023778029819832
2009-04-13,1.023778029819832
2009-04-14,1.023778029819832
2009-04-15,1.023778029819832
2009-04-16,1.023778029819832
2009-04-17,1.023778029819832
2009-04-18,1.023778029819832
2009-04-19,1.023778029819832
2009-04-20,1.023778029819832
2009-04-21,1.023778029819832
2009-04-22,1.023778029819832
2009-04-23,1.023778029819832
2009-04-24,1.023778029819832
2009-04-25,1.023778029819832
2009-04-26,1.023778029819832
2009-04-27,1.023778029819832
2009-04-28,1.023778029819832
2009-04-29,1.023778029819832
2009-04-30,1.023778029819832
2009-05-01,1.023778029819832
2009-05-02,1.023778029819832
2009-05-03,1.023778029819832
2009-05-04,1.023778029819832
2009-05-05,1.023778029819832
2009-05-06,1.023778029819832
2009-05-07,1.023778029819832
2009-05-08,1.023778029819832
2009-05-09,1.023778029819832
2009-05-10,1.023778029819832
2009-05-11,1.023778029819832
2009-05-12,1.023778029819832
2009-05-13,1.023778029819832
2009-05-14,1.023778029819832
2009-05-15,1.023778029819832
2009-05-16,1.023778029819832
2009-05-17,1.023778029819832
2009-05-18,1.023778029819832
2009-05-19,1.023778029819832
2009-05-20,1.023778029819832
2009-05-21,1.023778029819832
2009-05-22,1.023778029819832
2009-05-23,1.023778029819832
2009-05-24,1.023778029819832
2009-05-25,1.023778029819832
2009-05-26,1.023778029819832
2009-05-27,1.023778029819832
2009-05-28,1.023778029819832
2009-05-29,1.023778029819832
2009-05-30,1.023778029819832
2009-05-31,1.023778029819832
2009-06-01,1.023778029819832
2009-06-02,1.023778029819832
2009-06-03,1.023778029819832
2009-06-04,1.023778029819832
2009-06-05,1.023778029819832
2009-06-06,1.023778029819832
2009-06-07,1.023778029819832
2009-06-08,1.023778029819832
2009-06-09,1.023778029819832
2009-06-10,1.023778029819832
2009-06-11,1.023778029819832
2009-06-12,1.023778029819832
2009-06-13,1.023778029819832
2009-06-14,1.023778029819832
2009-06-15,1.023778029819832
2009-06-16,1.023778029819832
2009-06-17,1.023778029819832
2009-06-18,1.023778029819832
2009-06-19,1.023778029819832
2009-06-20,1.023778029819832
2009-06-21,1.023778029819832
2009-06-22,1.023778029819832
2009-06-23,1.023778029819832
2009-06-24,1.023778029819832
2009-06-25,1.023778029819832
2009-06-26,1.023778029819832
2009-06-27,1.023778029819832
2009-06-28,1.023778029819832
2009-06-29,1.023778029819832
2009-06-30,1.023778029819832
2009-07-01,1.023778029819832
2009-07-02,1.023778029819832
2009-07-03,1.023778029819832
2009-07-04,1.023778029819832
2009-07-05,1.023778029819832
2009-07-06,1.023778029819832
2009-07-07,1.023778029819832
2009-07-08,1.023778029819832
2009-07-09,1.023778029819832
2009-07-10,1.023778029819832
2009-07-11,1.023778029819832
2009-07-12,1.023778029819832
2009-07-13,1.023778029819832
2009-07-14,1.023778029819832
2009-07-15,1.023778029819832
2009-07-16,1.023778029819832
2009-07-17,1.023778029819832
2009-07-18,1.023778029819832
2009-07-19,1.023778029819832
2009-07-20,1.023778029819832
2009-07-21,1.023778029819832
2009-07-22,1.023778029819832
2009-07-23,1.023778029819832
2009-07-24,1.023778029819832
2009-07-25,1.023778029819832
2009-07-26,1.023778029819832
2009-07-27,1.023778029819832
2009-07-28,1.023778029819832
2009-07-29,1.023778029819832
2009-07-30,1.023778029819832
2009-07-31,1.023778029819832
2009-08-01,1.023778029819832
2009-08-02,1.023778029819832
2009-08-03,1.023778029819832
2009-08-04,1.023778029819832
2009-08-05,1.023778029819832
2009-08-06,1.023778029819832
2009-08-07,1.023778029819832
2009-08-08,1.023778029819832
2009-08-09,1.023778029819832
2009-08-10,1.023778029819832
2009-08-11,1.023778029819832
2009-08-12,1.023778029819832
2009-08-13,1.023778029819832
2009-08-14,1.023778029819832
2009-08-15,1.023778029819832
2009-08-16,1.023778029819832
2009-08-17,1.023778029819832
2009-08-18,1.023778029819832
2009-08-19,1.023778029819832
2009-08-20,1.023778029819832
2009-08-21,1.023778029819832
2009-08-22,1.023778029819832
2009-08-23,1.023778029819832
2009-08-24,1.023778029819832
2009-08-25,1.023778029819832
2009-08-26,1.023778029819832
2009-08-27,1.023778029819832
2009-08-28,1.023778029819832
2009-08-29,1.023778029819832
2009-08-30,1.023778029819832
2009-08-31,1.023778029819832
2009-09-01,1.023778029819832
2009-09-02,1.023778029819832
2009-09-03,1.023778029819832
2009-09-04,1.023778029819832
2009-09-05,1.023778029819832
2009-09-06,1.023778029819832
2009-09-07,1.023778029819832
2009-09-08,1.023778029819832
2009-09-09,1.023778029819832
2009-09-10,1.023778029819832
2009-09-11,1.023778029819832
2009-09-12,1.023778029819832
2009-09-13,1.023778029819832
2009-09-14,1.023778029819832
2009-09-15,1.023778029819832
2009-09-16,1.023778029819832
2009-09-17,1.023778029819832
2009-09-18,1.023778029819832
2009-09-19,1.023778029819832
2009-09-20,1.023778029819832
2009-09-21,1.023778029819832
2009-09-22,1.023778029819832
2009-09-23,1.023778029819832
2009-09-24,1.023778029819832
2009-09-25,1.023778029819832
2009-09-26,1.023778029819832
2009-09-27,1.023778029819832
2009-09-28,1.023778029819832
2009-09-29,1.023778029819832
2009-09-30,1.023778029819832
2009-10-01,1.023778029819832
2009-10-02,1.023778029819832
2009-10-03,1.023778029819832
2009-10-04,1.023778029819832
2009-10-05,1.023778029819832
2009-10-06,1.023778029819832
2009-10-07,1.023778029819832
2009-10-08,1.023778029819832
2009-10-09,1.023778029819832
2009-10-10,1.023778029819832
2009-10-11,1.023778029819832
2009-10-12,1.023778029819832
2009-10-13,1.023778029819832
2009-10-14,1.023778029819832
2009-10-15,1.023778029819832
2009-10-16,1.023778029819832
2009-10-17,1.023778029819832
2009-10-18,1.023778029819832
2009-10-19,1.023778029819832
2009-10-20,1.023778029819832
2009-10-21,1.023778029819832
2009-10-22,1.023778029819832
2009-10-23,1.023778029819832
2009-10-24,1.023778029819832
2009-10-25,1.023778029819832
2009-10-26,1.023778029819832
2009-10-27,1.023778029819832
2009-10-28,1.023778029819832
2009-10-29,1.023778029819832
2009-10-30,1.023778029819832
2009-10-31,1.023778029819832
2009-11-01,1.023778029819832
2009-11-02,1.023778029819832
2009-11-03,1.023778029819832
2009-11-04,1.023778029819832
2009-11-05,1.023778029819832
2009-11-06,1.023778029819832
2009-11-07,1.023778029819832
2009-11-08,1.023778029819832
2009-11-09,1.023778029819832
2009-11-10,1.023778029819832
2009-11-11,1.023778029819832
2009-11-12,1.023778029819832
2009-11-13,1.023778029819832
2009-11-14,1.023778029819832
2009-11-15,1.023778029819832
2009-11-16,1.023778029819832
2009-11-17,1.023778029819832
2009-11-18,1.023778029819832
2009-11-19,1.023778029819832
2009-11-20,1.023778029819832
2009-11-21,1.023778029819832
2009-11-22,1.023778029819832
2009-11-23,1.023778029819832
2009-11-24,1.023778029819832
2009-11-25,1.023778029819832
2009-11-26,1.023778029819832
2009-11-27,1.023778029819832
2009-11-28,1.023778029819832
2009-11-29,1.023778029819832
2009-11-30,1.023778029819832
2009-12-01,1.023778029819832
2009-12-02,1.023778029819832
2009-12-03,1.023778029819832
2009-12-04,1.023778029819832
2009-12-05,1.023778029819832
2009-12-06,1.023778029819832
2009-12-07,1.023778029819832
2009-12-08,1.023778029819832
2009-12-09,1.023778029819832
2009-12-10,1.023778029819832
2009-12-11,1.023778029819832
2009-12-12,1.023778029819832
2009-12-13,1.023778029819832
2009-12-14,1.023778029819832
2009-12-15,1.023778029819832
2009-12-16,1.023778029819832
2009-12-17,1.023778029819832
2009-12-18,1.023778029819832
2009-12-19,1.023778029819832
2009-12-20,1.023778029819832
2009-12-21,1.023778029819832
2009-12-22,1.023778029819832
2009-12-23,1.023778029819832
2009-12-24,1.023778029819832
2009-12-25,1.023778029819832
2009-12-26,1.023778029819832
2009-12-27,1.023778029819832
2009-12-28,1.023778029819832
2009-12-29,1.023778029819832
2009-12-30,1.023778029819832
2009-12-31,1.023778029819832
2010-01-01,1.023778029819832
2010-01-02,1.023778029819832
2010-01-03,1.023778029819832
2010-01-04,1.023778029819832
2010-01-05,1.023778029819832
2010-01-06,1.023778029819832
2010-01-07,1.023778029819832
2010-01-08,1.023778029819832
2010-01-09,1.023778029819832
2010-01-10,1.023778029819832
2010-01-11,1.023778029819832
2010-01-12,1.023778029819832
2010-01-13,1.023778029819832
2010-01-14,1.023778029819832
2010-01-15,1.023778029819832
2010-01-16,1.023778029819832
2010-01-17,1.023778029819832
2010-01-18,1.023778029819832
2010-01-19,1.023778029819832
2010-01-20,1.023778029819832
2010-01-21,1.023778029819832
2010-01-22,1.023778029819832
2010-01-23,1.023778029819832
2010-01-24,1.023778029819832
2010-01-25,1.023778029819832
2010-01-26,1.023778029819832
2010-01-27,1.023778029819832
2010-01-28,1.023778029819832
2010-01-29,1.023778029819832
2010-01-30,1.023778029819832
2010-01-31,1.023778029819832
2010-02-01,1.023778029819832
2010-02-02,1.023778029819832
2010-02-03,1.023778029819832
2010-02-04,1.023778029819832
2010-02-05,1.023778029819832
2010-02-06,1.023778029819832
2010-02-07,1.023778029819832
2010-02-08,1.023778029819832
2010-02-09,1.023778029819832
2010-02-10,1.023778029819832
2010-02-11,1.023778029819832
2010-02-12,1.023778029819832
2010-02-13,1.023778029819832
2010-02-14,1.023778029819832
2010-02-15,1.023778029819832
2010-02-16,1.023778029819832
2010-02-17,1.023778029819832
2010-02-18,1.023778029819832
2010-02-19,1.023778029819832
2010-02-20,1.023778029819832
2010-02-21,1.023778029819832
2010-02-22,1.023778029819832
2010-02-23,1.023778029819832
2010-02-24,1.023778029819832
2010-02-25,1.023778029819832
2010-02-26,1.023778029819832
2010-02-27,1.023778029819832
2010-02-28,1.023778029819832
2010-03-01,1.023778029819832
2010-03-02,1.023778029819832
2010-03-03,1.023778029819832
2010-03-04,1.023778029819832
2010-03-05,1.023778029819832
2010-03-06,1.023778029819832
2010-03-07,1.023778029819832
2010-03-08,1.023778029819832
2010-03-09,1.023778029819832
2010-03-10,1.023778029819832
2010-03-11,1.023778029819832
2010-03-12,1.023778029819832
2010-03-13,1.023778029819832
2010-03-14,1.023778029819832
2010-03-15,1.023778029819832
2010-03-16,1.023778029819832
2010-03-17,1.023778029819832
2010-03-18,1.023778029819832
2010-03-19,1.023778029819832
2010-03-20,1.023778029819832
2010-03-21,1.023778029819832
2010-03-22,1.023778029819832
2010-03-23,1.023778029819832
2010-03-24,1.023778029819832
2010-03-25,1.023778029819832
2010-03-26,1.023778029819832
2010-03-27,1.023778029819832
2010-03-28,1.023778029819832
2010-03-29,1.023778029819832
2010-03-30,1.023778029819832
2010-03-31,1.023778029819832
2010-04-01,1.023778029819832
2010-04-02,1.023778029819832
2010-04-03,1.023778029819832
2010-04-04,1.023778029819832
2010-04-05,1.023778029819832
2010-04-06,1.023778029819832
2010-04-07,1.023778029819832
2010-04-08,1.023778029819832
2010-04-09,1.023778029819832
2010-04-10,1.023778029819832
2010-04-11,1.023778029819832
2010-04-12,1.023778029819832
2010-04-13,1.023778029819832
2010-04-14,1.023778029819832
2010-04-15,1.023778029819832
2010-04-16,1.023778029819832
2010-04-17,1.023778029819832
2010-04-18,1.023778029819832
2010-04-19,1.023778029819832
2010-04-20,1.023778029819832
2010-04-21,1.023778029819832
2010-04-22,1.023778029819832
2010-04-23,1.023778029819832
2010-04-24,1.023778029819832
2010-04-25,1.023778029819832
2010-04-26,1.023778029819832
2010-04-27,1.023778029819832
2010-04-28,1.023778029819832
2010-04-29,1.023778029819832
2010-04-30,1.023778029819832
2010-05-01,1.023778029819832
2010-05-02,1.023778029819832
2010-05-03,1.023778029819832
2010-05-04,1.023778029819832
2010-05-05,1.023778029819832
2010-05-06,1.023778029819832
2010-05-07,1.023778029819832
2010-05-08,1.023778029819832
2010-05-09,1.023778029819832
2010-05-10,1.023778029819832
2010-05-11,1.023778029819832
2010-05-12,1.023778029819832
2010-05-13,1.023778029819832
2010-05-14,1.023778029819832
2010-05-15,1.023778029819832
2010-05-16,1.023778029819832
2010-05-17,1.023778029819832
2010-05-18,1.023778029819832
2010-05-19,1.023778029819832
2010-05-20,1.023778029819832
2010-05-21,1.023778029819832
2010-05-22,1.023778029819832
2010-05-23,1.023778029819832
2010-05-24,1.023778029819832
2010-05-25,1.023778029819832
2010-05-26,1.023778029819832
2010-05-27,1.023778029819832
2010-05-28,1.023778029819832
2010-05-29,1.023778029819832
2010-05-30,1.023778029819832
2010-05-31,1.023778029819832
2010-06-01,1.023778029819832
2010-06-02,1.023778029819832
2010-06-03,1.023778029819832
2010-06-04,1.023778029819832
2010-06-05,1.023778029819832
2010-06-06,1.023778029819832
2010-06-07,1.023778029819832
2010-06-08,1.023778029819832
2010-06-09,1.023778029819832
2010-06-10,1.023778029819832
2010-06-11,1.023778029819832
2010-06-12,1.023778029819832
2010-06-13,1.023778029819832
2010-06-14,1.023778029819832
2010-06-15,1.023778029819832
2010-06-16,1.023778029819832
2010-06-17,1.023778029819832
2010-06-18,1.023778029819832
2010-06-19,1.023778029819832
2010-06-20,1.023778029819832
2010-06-21,1.023778029819832
2010-06-22,1.023778029819832
2010-06-23,1.023778029819832
2010-06-24,1.023778029819832
2010-06-25,1.023778029819832
2010-06-26,1.023778029819832
2010-06-27,1.023778029819832
2010-06-28,1.023778029819832
2010-06-29,1.023778029819832
2010-06-30,1.023778029819832
2010-07-01,1.023778029819832
2010-07-02,1.023778029819832
2010-07-03,1.023778029819832
2010-07-04,1.023778029819832
2010-07-05,1.023778029819832
2010-07-06,1.023778029819832
2010-07-07,1.023778029819832
2010-07-08,1.023778029819832
2010-07-09,1.023778029819832
2010-07-10,1.023778029819832
2010-07-11,1.023778029819832
2010-07-12,1.023778029819832
2010-07-13,1.023778029819832
2010-07-14,1.023778029819832
2010-07-15,1.023778029819832
2010-07-16,1.023778029819832
2010-07-17,1.023778029819832
2010-07-18,1.023778029819832
2010-07-19,1.023778029819832
2010-07-20,1.023778029819832
2010-07-21,1.023778029819832
2010-07-22,1.023778029819832
2010-07-23,1.023778029819832
2010-07-24,1.023778029819832
2010-07-25,1.023778029819832
2010-07-26,1.023778029819832
2010-07-27,1.023778029819832
2010-07-28,1.023778029819832
2010-07-29,1.023778029819832
2010-07-30,1.023778029819832
2010-07-31,1.023778029819832
2010-08-01,1.023778029819832
2010-08-02,1.023778029819832
2010-08-03,1.023778029819832
2010-08-04,1.023778029819832
2010-08-05,1.023778029819832
2010-08-06,1.023778029819832
2010-08-07,1.023778029819832
2010-08-08,1.023778029819832
2010-08-09,1.023778029819832
2010-08-10,1.023778029819832
2010-08-11,1.023778029819832
2010-08-12,1.023778029819832
2010-08-13,1.023778029819832
2010-08-14,1.023778029819832
2010-08-15,1.023778029819832
2010-08-16,1.023778029819832
2010-08-17,1.023778029819832
2010-08-18,1.023778029819832
2010-08-19,1.023778029819832
2010-08-20,1.023778029819832
2010-08-21,1.023778029819832
2010-08-22,1.023778029819832
2010-08-23,1.023778029819832
2010-08-24,1.023778029819832
2010-08-25,1.023778029819832
2010-08-26,1.023778029819832
2010-08-27,1.023778029819832
2010-08-28,1.023778029819832
2010-08-29,1.023778029819832
2010-08-30,1.023778029819832
2010-08-31,1.023778029819832
2010-09-01,1.023778029819832
2010-09-02,1.023778029819832
2010-09-03,1.023778029819832
2010-09-04,1.023778029819832
2010-09-05,1.023778029819832
2010-09-06,1.023778029819832
2010-09-07,1.023778029819832
2010-09-08,1.023778029819832
2010-09-09,1.023778029819832
2010-09-10,1.023778029819832
2010-09-11,1.023778029819832
2010-09-12,1.023778029819832
2010-09-13,1.023778029819832
2010-09-14,1.023778029819832
2010-09-15,1.023778029819832
2010-09-16,1.023778029819832
2010-09-17,1.023778029819832
2010-09-18,1.023778029819832
2010-09-19,1.023778029819832
2010-09-20,1.023778029819832
2010-09-21,1.023778029819832
2010-09-22,1.023778029819832
2010-09-23,1.023778029819832
2010-09-24,1.023778029819832
2010-09-25,1.023778029819832
2010-09-26,1.023778029819832
2010-09-27,1.023778029819832
2010-09-28,1.023778029819832
2010-09-29,1.023778029819832
2010-09-30,1.023778029819832
2010-10-01,1.023778029819832
2010-10-02,1.023778029819832
2010-10-03,1.023778029819832
2010-10-04,1.023778029819832
2010-10-05,1.023778029819832
2010-10-06,1.023778029819832
2010-10-07,1.023778029819832
2010-10-08,1.023778029819832
2010-10-09,1.023778029819832
2010-10-10,1.023778029819832
